chr	start	stop	lead_snp	lead_snp_hg38	lead_snp_p	ancestry_endpoint	Nearest Gene
1	8133478	9133478	rs10779704	1:8633478:A:C	3.03E-10	CROSSANCESTRY	RERE
1	8774934	9774934	rs57533288	1:9274934:G:A	2.01E-10	CROSSANCESTRY	SPSB1
1	11507837	12507837	rs11121848	1:12007837:A:G	9.02E-10	CROSSANCESTRY	MIIP
1	24466865	25466865	rs4265380	1:24966865:C:T	3.76E-14	CROSSANCESTRY	RUNX3
1	25809552	26809552	rs11247907	1:26309552:T:A	4.97E-08	CROSSANCESTRY	CD52
1	109329007	110329007	rs12565349	1:109829007:C:G	1.21E-09	CROSSANCESTRY	EPS8L3
1	149776068	150776068	rs193099908	1:150276068:G:A	3.94E-14	CROSSANCESTRY	C1orf51
1	151812600	152812600	rs558269137	1:152312600:CACTG:C	4.74E-72	CROSSANCESTRY	FLG
1	153953788	154953788	rs4129267	1:154453788:C:T	3.69E-20	CROSSANCESTRY	SHE
1	160023388	161023388	rs71579673	1:160523388:AT:A	2.19E-11	CROSSANCESTRY	SLAMF6
1	172279020	173279020	rs34259929	1:172779020:AT:A	1.71E-18	CROSSANCESTRY	FASLG
1	212185406	213185406	rs906364	1:212685406:T:C	1.33E-09	CROSSANCESTRY	BATF3
2	7798563	8798563	rs346835	2:8298563:C:T	1.60E-11	CROSSANCESTRY	ID2
2	27880044	28880044	rs10199829	2:28380044:C:A	4.31E-10	CROSSANCESTRY	FOSL2
2	60433960	61433960	rs13033143	2:60933960:G:A	4.98E-13	CROSSANCESTRY	REL
2	70342554	71342554	rs112346568	2:70842554:G:A	2.21E-13	CROSSANCESTRY	CD207
2	101947804	102947804	rs4851586	2:102447804:T:C	1.85E-48	CROSSANCESTRY	SLC9A4
2	110353239	111353239	rs10183338	2:110853239:G:T	2.15E-10	CROSSANCESTRY	ACOXL
2	111017961	112017961	rs112385344	2:111517961:C:T	1.21E-11	CROSSANCESTRY	ANAPC1
2	112436301	113436301	rs2708931	2:112936301:C:G	5.29E-09	CROSSANCESTRY	IL37
2	190253596	191253596	rs10195173	2:190753596:A:T	6.49E-09	CROSSANCESTRY	NAB1
2	200961659	201961659	rs140759564	2:201461659:T:TTTGCTGTGCAGAAGCTTTTTAAC	2.75E-08	CROSSANCESTRY	STRADB
2	232705889	233705889	rs56404638	2:233205889:A:G	4.25E-13	CROSSANCESTRY	ATG16L1
2	241259225	242259225	rs34290285	2:241759225:G:A	3.45E-15	CROSSANCESTRY	GAL3ST2
3	4484323	5484323	rs11130215	3:4984323:A:G	1.78E-10	CROSSANCESTRY	BHLHE40
3	17902679	18902679	rs9683201	3:18402679:C:T	1.17E-11	CROSSANCESTRY	SATB1
3	18162807	19162807	rs11914608	3:18662807:A:G	3.99E-08	CROSSANCESTRY	SATB1
3	32506170	33506170	rs35570272	3:33006170:G:T	3.92E-17	CROSSANCESTRY	CCR4
3	70892989	71892989	rs35870054	3:71392989:T:G	4.89E-09	CROSSANCESTRY	FOXP1
3	112176994	113176994	rs12637953	3:112676994:C:T	5.87E-15	CROSSANCESTRY	CCDC80
4	121705785	122705785	rs370034603	4:122205785:T:TAC	3.49E-13	CROSSANCESTRY	KIAA1109
5	14110200	15110200	rs16903574	5:14610200:C:G	1.69E-08	CROSSANCESTRY	FAM105B
5	35351729	36351729	rs1494564	5:35851729:C:T	1.52E-17	CROSSANCESTRY	IL7R
5	55648856	56648856	rs7731626	5:56148856:G:A	3.59E-09	CROSSANCESTRY	IL6ST
5	110327608	111327608	rs28874883	5:110827608:T:C	1.03E-11	CROSSANCESTRY	SLC25A46
5	132160151	133160151	rs1295686	5:132660151:T:C	2.04E-51	CROSSANCESTRY	IL13
5	141612420	142612420	rs7700687	5:142112420:C:T	4.19E-08	EUR	NDFIP1
5	156694894	157694894	rs9313491	5:157194894:C:G	2.27E-08	CROSSANCESTRY	ITK
5	176863161	177863161	rs67111717	5:177363161:A:G	4.18E-18	CROSSANCESTRY	RGS14
6	-23605	976395	rs17133849	6:476395:A:G	8.05E-10	CROSSANCESTRY	IRF4
6	32092964	33092964	rs9270560	6:32592964:T:C	9.58E-23	CROSSANCESTRY	HLA-DRB1
6	89775479	90775479	rs58521088	6:90275479:A:T	3.20E-13	CROSSANCESTRY	BACH2
6	134886348	135886348	rs7773987	6:135386348:C:T	5.71E-09	CROSSANCESTRY	AHI1
6	136652938	137652938	rs9494672	6:137152938:A:G	2.57E-10	CROSSANCESTRY	IL22RA2
6	154290790	155290790	rs7758477	6:154790790:G:A	0.000000021	EUR	TIAM2
6	158568759	159568759	rs212389	6:159068759:G:A	2.88E-17	CROSSANCESTRY	TAGAP
7	5962736	6962736	rs6796	7:6462736:T:C	1.91E-08	CROSSANCESTRY	DAGLB
7	22268265	23268265	rs7787688	7:22768265:C:T	2.26E-08	CROSSANCESTRY	IL6
7	28205434	29205434	rs2391683	7:28705434:T:G	2.43E-15	CROSSANCESTRY	CREB5
7	49647036	50647036	rs66644183	7:50147036:T:G	4.07E-08	EUR	C7orf72
8	60429420	61429420	rs79376089	8:60929420:G:A	6.92E-11	CROSSANCESTRY	CHD7
8	79873252	80873252	rs11784337	8:80373252:C:T	7.61E-23	CROSSANCESTRY	ZBTB10
8	125097624	126097624	rs6996614	8:125597624:C:A	1.35E-25	CROSSANCESTRY	TRIB1
8	128036797	129036797	rs5894937	8:128536797:AT:A	6.87E-11	CROSSANCESTRY	TMEM75
8	140142309	141142309	rs11994438	8:140642309:G:A	3.88E-09	CROSSANCESTRY	AGO2
9	32930587	33930587	rs3860985	9:33430587:A:G	1.07E-09	CROSSANCESTRY	AQP3
9	128655435	129655435	rs1107329	9:129155435:C:G	7.65E-09	CROSSANCESTRY	PPP2R4
9	137105991	138105991	rs117137535	9:137605991:G:A	2.45E-10	CROSSANCESTRY	ARRDC1
10	5532488	6532488	rs4747846	10:6032488:G:C	4.15E-18	CROSSANCESTRY	IL2RA
10	6079837	7079837	rs796899460	10:6579837:AT:A	4.73E-13	CROSSANCESTRY	PRKCQ
10	7558684	8558684	rs2229359	10:8058684:C:T	3.96E-08	CROSSANCESTRY	GATA3
10	60242008	61242008	rs11817236	10:60742008:A:G	3.44E-08	EUR	CDK1
10	62110240	63110240	rs2944542	10:62610240:C:G	2.27E-17	CROSSANCESTRY	ADO
11	7460885	8460885	rs59039403	11:7960885:G:A	1.03E-29	CROSSANCESTRY	NLRP10
11	35897139	36897139	rs142185235	11:36397139:C:A	4.86E-25	CROSSANCESTRY	PRR5L
11	61303876	62303876	rs174548	11:61803876:C:G	2.15E-08	EUR	FEN1
11	65291795	66291795	rs10791824	11:65791795:A:G	3.89E-49	CROSSANCESTRY	OVOL1
11	67102285	68102285	rs541390276	11:67602285:T:G	8.81E-09	CROSSANCESTRY	NDUFV1
11	76081531	77081531	rs7110818	11:76581531:C:T	1.77E-58	CROSSANCESTRY	LRRC32
11	102372031	103372031	rs17368659	11:102872031:G:T	9.25E-10	CROSSANCESTRY	MMP3
11	116348213	117348213	rs61905155	11:116848213:G:T	2.52E-08	CROSSANCESTRY	APOA1
11	118370448	119370448	rs7117261	11:118870448:T:C	2.70E-10	CROSSANCESTRY	CXCR5
11	127808903	128808903	rs61907721	11:128308903:A:C	3.92E-18	CROSSANCESTRY	ETS1
11	128051691	129051691	rs4245080	11:128551691:A:G	5.75E-15	CROSSANCESTRY	ETS1
12	374384	1374384	rs718389	12:874384:G:A	2.67E-09	EUR	RAD52
12	54656742	55656742	rs190653364	12:55156742:G:A	2.09E-10	CROSSANCESTRY	OR9K2
12	56641483	57641483	rs1799986	12:57141483:C:T	7.02E-11	CROSSANCESTRY	LRP1
12	67753933	68753933	rs2227485	12:68253933:G:A	3.05E-17	CROSSANCESTRY	IL22
12	93691340	94691340	rs17299268	12:94191340:G:A	3.43E-08	CROSSANCESTRY	PLXNC1
12	121684095	122684095	rs35033444	12:122184095:AT:A	1.69E-08	CROSSANCESTRY	IL31
13	98894302	99894302	rs58353209	13:99394302:A:C	2.34E-08	CROSSANCESTRY	GPR183
14	34652187	35652187	rs146424514	14:35152187:G:A	1.20E-18	CROSSANCESTRY	KIAA0391
14	75015513	76015513	rs175714	14:75515513:T:C	4.48E-09	CROSSANCESTRY	BATF
14	102277071	103277071	rs71421262	14:102777071:A:G	6.12E-13	CROSSANCESTRY	TRAF3
15	40990486	41990486	rs12440045	15:41490486:A:C	4.05E-11	CROSSANCESTRY	ITPKA
15	60251179	61251179	rs8025324	15:60751179:G:A	1.87E-11	CROSSANCESTRY	RORA
16	10629597	11629597	rs11645657	16:11129597:C:G	1.67E-32	CROSSANCESTRY	SOCS1
16	26742810	27742810	rs4499236	16:27242810:C:T	4.87E-09	CROSSANCESTRY	NSMCE1
17	40108272	41108272	rs112401631	17:40608272:T:A	3.28E-18	CROSSANCESTRY	SMARCE1
17	41876113	42876113	rs12951971	17:42376113:T:G	8.68E-12	CROSSANCESTRY	STAT3
17	44825639	45825639	rs4792814	17:45325639:T:C	4.47E-09	CROSSANCESTRY	SPATA32
17	48863104	49863104	rs16948048	17:49363104:A:G	1.02E-21	CROSSANCESTRY	ZNF652
17	77872835	78872835	rs68154225	17:78372835:G:C	3.62E-08	CROSSANCESTRY	PGS1
18	58072798	59072798	rs11152086	18:58572798:C:T	4.02E-09	EUR	ALPK2
19	427357	1427357	rs55874507	19:927357:T:TA	4.06E-09	CROSSANCESTRY	ARID3A
19	8177438	9177438	rs2918299	19:8677438:C:T	8.98E-23	CROSSANCESTRY	ACTL9
19	32735671	33735671	rs118013485	19:33235671:G:A	2.78E-09	CROSSANCESTRY	SLC7A10
20	53515280	54515280	rs208643	20:54015280:C:G	4.74E-08	CROSSANCESTRY	BCAS1
20	53681042	54681042	rs2426500	20:54181042:T:C	1.46E-11	CROSSANCESTRY	CYP24A1
20	63204906	64204906	rs6062497	20:63704906:C:T	3.38E-39	CROSSANCESTRY	ARFRP1
22	36415177	37415177	rs1807544	22:36915177:C:T	4.85E-17	CROSSANCESTRY	CSF2RB
