1	8193538	9193537	1:8133479-9133478	1
1	8834993	9834992	1:8774935-9774934	1
1	11567894	12567891	1:11507838-12507837	1
1	24793355	25793356	1:24466866-25466865	1
1	26136043	27136043	1:25809553-26809552	1
1	109871629	110871629	1:109329008-110329007	1
1	149747622	150748544	1:149776069-150776068	1
1	151785076	152785076	1:151812601-152812600	1
1	153926264	154926264	1:153953789-154953788	1
1	159993178	160993178	1:160023389-161023388	1
1	172248160	173248159	1:172279021-173279020	1
1	212358748	213358749	1:212185407-213185406	1
2	7938694	8938693	2:7798564-8798563	1
2	28102911	29102910	2:27880045-28880044	1
2	60661095	61661095	2:60433961-61433960	1
2	70569686	71569684	2:70342555-71342554	1
2	102564266	103564262	2:101947805-102947804	1
2	111110816	112110816	2:110353240-111353239	1
2	111775538	112775538	2:111017962-112017961	1
2	113193878	114193878	2:112436302-113436301	1
2	191118322	192118322	2:190253597-191253596	1
2	201826382	202826382	2:200961660-201961659	1
2	233570599	234614535	2:232705890-233705889	1
2	242198640	243100992	2:241259226-242259225	1
3	4526007	5526010	3:4484324-5484323	1
3	17944171	18944171	3:17902680-18902679	1
3	18204299	19204299	3:18162808-19162807	1
3	32547662	33547662	3:32506171-33506170	1
3	70942140	71942140	3:70892990-71892989	1
3	111895841	112895841	3:112176995-113176994	1
4	122626940	123626940	4:121705786-122705785	1
5	14110309	15110309	5:14110201-15110200	1
5	35351831	36351831	5:35351730-36351729	1
5	54944684	55944683	5:55648857-56648856	1
5	109663309	110663306	5:110327609-111327608	1
5	131495844	132495843	5:132160152-133160151	1
5	140991987	141991985	5:141612421-142612420	1
5	156121905	157121902	5:156694895-157694894	1
5	176290162	177290162	5:176863162-177863161	1
6	60000	976631	6:-23604-976395	1
6	32060741	33060741	6:32092965-33092964	1
6	90485198	91485197	6:89775480-90775479	1
6	135207486	136207486	6:134886349-135886348	1
6	136974076	137974075	6:136652939-137652938	1
6	154611924	155611924	6:154290791-155290790	1
6	158989791	159989791	6:158568760-159568759	1
7	6002367	7002367	7:5962737-6962736	1
7	22307884	23307884	7:22268266-23268265	1
7	28245053	29245050	7:28205435-29205434	1
7	49686632	50714733	7:49647037-50647036	1
8	61341979	62341979	8:60429421-61429420	1
8	80785487	81785487	8:79873253-80873252	1
8	126109866	127109868	8:125097625-126097624	1
8	129049043	130049043	8:128036798-129036797	1
8	141152408	142152408	8:140142310-141142309	1
9	32930585	33930585	9:32930588-33930587	1
9	131417714	132417714	9:128655436-129655435	1
9	140000443	141000443	9:137105992-138105991	1
10	5574451	6574450	10:5532489-6532488	1
10	6121800	7121799	10:6079838-7079837	1
10	7600646	8600647	10:7558685-8558684	1
10	62001766	63001766	10:60242009-61242008	1
10	63869999	64870000	10:62110241-63110240	1
11	7482116	8482432	11:7460886-8460885	1
11	35918689	36918689	11:35897140-36897139	1
11	61071348	62071348	11:61303877-62303876	1
11	65059266	66059266	11:65291796-66291795	1
11	66869756	67869752	11:67102286-68102285	1
11	75792575	76792577	11:76081532-77081531	1
11	102242762	103242759	11:102372032-103372031	1
11	116218930	117218929	11:116348214-117348213	1
11	118241163	119241158	11:118370449-119370448	1
11	127678798	128678798	11:127808904-128808903	1
11	127921586	128921586	11:128051692-129051691	1
12	483550	1483550	12:374385-1374384	1
12	55050526	56050526	12:54656743-55656742	1
12	57035267	58035266	12:56641484-57641483	1
12	68147713	69147713	12:67753934-68753933	1
12	94085116	95085116	12:93691341-94691340	1
12	122122001	123168642	12:121684096-122684095	1
13	99546556	100546556	13:98894303-99894302	1
14	35121393	36121393	14:34652188-35652187	1
14	75482216	76481856	14:75015514-76015513	1
14	102743408	103743408	14:102277072-103277071	1
15	41282684	42282684	15:40990487-41990486	1
15	60543378	61543378	15:60251180-61251179	1
16	10723454	11723453	16:10629598-11629597	1
16	26754131	27754131	16:26742811-27742810	1
17	38264525	39264524	17:40108273-41108272	1
17	40032366	41028130	17:41876114-42876113	1
17	42903007	43903005	17:44825640-45825639	1
17	46940466	47940467	17:48863105-49863104	1
17	75868917	76868917	17:77872836-78872835	1
18	55740030	56740030	18:58072799-59072798	1
19	427357	1427356	19:427358-1427357	1
19	8242322	9288114	19:8177439-9177438	1
19	33226577	34226576	19:32735672-33735671	1
20	52131819	53131819	20:53515281-54515280	1
20	52297581	53297581	20:53681043-54681042	1
20	61836258	62836259	20:63204907-64204906	1
22	36811222	37811216	22:36415178-37415177	1


19      8879465 8879506 19:8177439-9177438      2
19      8860734 8860762 19:8177439-9177438      3
14	75954363	75954545	14:75015514-76015513	2
2       242745225       242745277       2:241259226-242259225   2
2       242745274       242745329       2:241259226-242259225   3
2       242760825       242760882       2:241259226-242259225   4
2       242765667       242765714       2:241259226-242259225   5
16      90280590        90294753        2:241259226-242259225   6
6	910514	910592	6:-23604-976395	2
